48001 Anderson County,2001,0.000147868840339
48001 Anderson County,2002,0.000717478889563
48001 Anderson County,2003,0.000290592081366
48001 Anderson County,2004,0.000249910746162
48001 Anderson County,2005,0.000461369201831
48001 Anderson County,2006,0.000611918002988
48001 Anderson County,2007,0.000215974946906
48003 Andrews County,2001,0
48003 Andrews County,2002,7.83637645953e-05
48003 Andrews County,2003,0
48003 Andrews County,2004,0
48003 Andrews County,2005,7.83821915661e-05
48003 Andrews County,2006,7.87649653434e-05
48003 Andrews County,2007,0.00023362666459
48005 Angelina County,2001,0.000149571850578
48005 Angelina County,2002,0.000500312695435
48005 Angelina County,2003,0.000174546179932
48005 Angelina County,2004,7.44647843624e-05
48005 Angelina County,2005,0.000556524320113
48005 Angelina County,2006,0.000308394498242
48005 Angelina County,2007,0.000194867672671
48007 Aransas County,2001,0
48007 Aransas County,2002,0.000310917651239
48007 Aransas County,2003,0.000304347826087
48007 Aransas County,2004,8.55761413718e-05
48007 Aransas County,2005,0.000252844500632
48007 Aransas County,2006,0.000205086136177
48007 Aransas County,2007,0.000327922610264
48009 Archer County,2001,0
48009 Archer County,2002,0.000113713895838
48009 Archer County,2003,0.000225301340543
48009 Archer County,2004,0.000111982082867
48009 Archer County,2005,0.000111346175259
48009 Archer County,2006,0
48009 Archer County,2007,0.000111632060728
48013 Atascosa County,2001,5.14482687658e-05
48013 Atascosa County,2002,0.000576860374708
48013 Atascosa County,2003,7.34933855953e-05
48013 Atascosa County,2004,0.000435867012132
48013 Atascosa County,2005,0.000380327557109
48013 Atascosa County,2006,0.000424088210348
48013 Atascosa County,2007,0.000372526193248
48015 Austin County,2001,4.21194507624e-05
48015 Austin County,2002,0.000537523258218
48015 Austin County,2003,0
48015 Austin County,2004,7.99392461729e-05
48015 Austin County,2005,0.000117642445394
48015 Austin County,2006,0.000155376009944
48015 Austin County,2007,0
48017 Bailey County,2001,0.000455719276925
48017 Bailey County,2002,0
48017 Bailey County,2003,0.00015503875969
48017 Bailey County,2004,0.000153775180686
48017 Bailey County,2005,0.00015243902439
48017 Bailey County,2006,0
48017 Bailey County,2007,0.000155424308362
48019 Bandera County,2001,5.61419267909e-05
48019 Bandera County,2002,0.000274710180759
48019 Bandera County,2003,0.000106740673534
48019 Bandera County,2004,0.000156887354879
48019 Bandera County,2005,0.00020725388601
48019 Bandera County,2006,0.0001026114617
48019 Bandera County,2007,0.000152741713762
48021 Bastrop County,2001,1.71567786432e-05
48021 Bastrop County,2002,0.000489731953378
48021 Bastrop County,2003,0.000172546312999
48021 Bastrop County,2004,0.000272199370917
48021 Bastrop County,2005,0.000429400615968
48021 Bastrop County,2006,0.000363631074457
48021 Bastrop County,2007,0.000341428022705
48025 Bee County,2001,0.000341074695358
48025 Bee County,2002,0.000471431265322
48025 Bee County,2003,0.000406593062897
48025 Bee County,2004,0.00027391423441
48025 Bee County,2005,0.000306344392366
48025 Bee County,2006,0.00027734122215
48025 Bee County,2007,0.000307986079029
48027 Bell County,2001,6.27292230358e-05
48027 Bell County,2002,0.000296850906632
48027 Bell County,2003,8.0658821252e-05
48027 Bell County,2004,0.000263943713018
48027 Bell County,2005,0.00033273962146
48027 Bell County,2006,0.000145248834187
48027 Bell County,2007,0.000357158969578
48031 Blanco County,2001,0.000118259224219
48031 Blanco County,2002,0.000347544022243
48031 Blanco County,2003,0
48031 Blanco County,2004,0.000114613180516
48031 Blanco County,2005,0.000225988700565
48031 Blanco County,2006,0.000223663609931
48031 Blanco County,2007,0
48035 Bosque County,2001,0
48035 Bosque County,2002,0.000173030337986
48035 Bosque County,2003,0
48035 Bosque County,2004,0.000113940636928
48035 Bosque County,2005,5.64015792442e-05
48035 Bosque County,2006,0.000112384805574
48035 Bosque County,2007,0.000112334306897
48037 Bowie County,2001,0.000190480458946
48037 Bowie County,2002,0.000515521685532
48037 Bowie County,2003,0.00030269397639
48037 Bowie County,2004,0.000123167877817
48037 Bowie County,2005,0.000356879976803
48037 Bowie County,2006,0.00011116916612
48037 Bowie County,2007,0.00029628329072
48039 Brazoria County,2001,4.11302595319e-05
48039 Brazoria County,2002,0.000177177165085
48039 Brazoria County,2003,7.05061164056e-05
48039 Brazoria County,2004,0.000122535410819
48039 Brazoria County,2005,0.000279931174255
48039 Brazoria County,2006,0.000153216451069
48039 Brazoria County,2007,7.75456109184e-05
48041 Brazos County,2001,6.54013681966e-05
48041 Brazos County,2002,0.000201011541953
48041 Brazos County,2003,7.01007539017e-05
48041 Brazos County,2004,6.89439047321e-05
48041 Brazos County,2005,0.000241929480658
48041 Brazos County,2006,0.000220038139944
48041 Brazos County,2007,9.54671026331e-05
48043 Brewster County,2001,0.000112625295641
48043 Brewster County,2002,0.000223488657951
48043 Brewster County,2003,0.000659485601231
48043 Brewster County,2004,0.000216567406605
48043 Brewster County,2005,0.000544365813827
48043 Brewster County,2006,0.000220896841175
48043 Brewster County,2007,0.000438260107374
48047 Brooks County,2001,0
48047 Brooks County,2002,0.00117340286832
48047 Brooks County,2003,0.00104234527687
48047 Brooks County,2004,0.000261745844785
48047 Brooks County,2005,0.000525279054498
48047 Brooks County,2006,0.000395465330873
48047 Brooks County,2007,0.00118843258946
48049 Brown County,2001,0.000238663484487
48049 Brown County,2002,0.000611409431655
48049 Brown County,2003,0.00100521122662
48049 Brown County,2004,0.00023925352899
48049 Brown County,2005,0.000553330522766
48049 Brown County,2006,0.000916398292881
48049 Brown County,2007,0.000285877644368
48051 Burleson County,2001,0.000181455271276
48051 Burleson County,2002,0.000421509002228
48051 Burleson County,2003,0.000181203189176
48051 Burleson County,2004,0.000119832234871
48051 Burleson County,2005,0.000239334649674
48051 Burleson County,2006,0.000178168428554
48051 Burleson County,2007,6.02845430432e-05
48053 Burnet County,2001,5.79323928975e-05
48053 Burnet County,2002,0.000528188591126
48053 Burnet County,2003,5.36423130565e-05
48053 Burnet County,2004,0.000130171044753
48053 Burnet County,2005,0.00107950694148
48053 Burnet County,2006,0.000219952099321
48053 Burnet County,2007,0.000283426627932
48055 Caldwell County,2001,3.07967109113e-05
48055 Caldwell County,2002,0.00133511348465
48055 Caldwell County,2003,0.000317075982936
48055 Caldwell County,2004,0.000255456841986
48055 Caldwell County,2005,0.000860059926756
48055 Caldwell County,2006,0.000608289324522
48055 Caldwell County,2007,0.000635253825333
48057 Calhoun County,2001,4.84050534876e-05
48057 Calhoun County,2002,0.000193723363038
48057 Calhoun County,2003,4.91062659595e-05
48057 Calhoun County,2004,0.000147856086742
48057 Calhoun County,2005,0.000393797686439
48057 Calhoun County,2006,0.000296457334849
48057 Calhoun County,2007,0
48059 Callahan County,2001,0.000309669427886
48059 Callahan County,2002,0.00102225367618
48059 Callahan County,2003,0.000312451179503
48059 Callahan County,2004,7.75855380557e-05
48059 Callahan County,2005,0.000534065766384
48059 Callahan County,2006,0.00015138899402
48059 Callahan County,2007,7.52558699579e-05
48061 Cameron County,2001,8.9148807189e-05
48061 Cameron County,2002,0.000721275284787
48061 Cameron County,2003,6.00226371089e-05
48061 Cameron County,2004,0.000248884911702
48061 Cameron County,2005,0.0002302574772
48061 Cameron County,2006,0.000368783177027
48061 Cameron County,2007,0.000245913993564
48063 Camp County,2001,0.000258754528204
48063 Camp County,2002,0.00157191511658
48063 Camp County,2003,0.000257820556892
48063 Camp County,2004,0.000342377813918
48063 Camp County,2005,0.00101325677615
48063 Camp County,2006,0.000823316318129
48063 Camp County,2007,0.000163759927946
48065 Carson County,2001,0
48065 Carson County,2002,0.000156592546195
48065 Carson County,2003,0
48065 Carson County,2004,0
48065 Carson County,2005,0
48065 Carson County,2006,0.000313087038197
48065 Carson County,2007,0
48067 Cass County,2001,0
48067 Cass County,2002,0.00039980009995
48067 Cass County,2003,0.000234340999632
48067 Cass County,2004,0.000101071356378
48067 Cass County,2005,0.000541326927631
48067 Cass County,2006,0.000169738941508
48067 Cass County,2007,0.000238476475999
48069 Castro County,2001,0
48069 Castro County,2002,0.000868809730669
48069 Castro County,2003,0.000126566257436
48069 Castro County,2004,0.000128749839063
48069 Castro County,2005,0.000263227165043
48069 Castro County,2006,0
48069 Castro County,2007,0.000273597811218
48071 Chambers County,2001,0
48071 Chambers County,2002,7.532672969e-05
48071 Chambers County,2003,7.41922320733e-05
48071 Chambers County,2004,0
48071 Chambers County,2005,0.000108483402039
48071 Chambers County,2006,7.14285714286e-05
48071 Chambers County,2007,0
48073 Cherokee County,2001,0.000107073259524
48073 Cherokee County,2002,0.000449476680722
48073 Cherokee County,2003,8.56934744419e-05
48073 Cherokee County,2004,0.000190940914395
48073 Cherokee County,2005,0.000274255817388
48073 Cherokee County,2006,0.000483172975925
48073 Cherokee County,2007,0.000167472628692
48075 Childress County,2001,0
48075 Childress County,2002,0
48075 Childress County,2003,0
48075 Childress County,2004,0
48075 Childress County,2005,0
48075 Childress County,2006,0
48075 Childress County,2007,0.000133014099495
48077 Clay County,2001,0
48077 Clay County,2002,0.000179275726067
48077 Clay County,2003,0
48077 Clay County,2004,8.83938831433e-05
48077 Clay County,2005,0.00017658484902
48077 Clay County,2006,8.79584835957e-05
48077 Clay County,2007,8.91345039665e-05
48083 Coleman County,2001,0.000108920596885
48083 Coleman County,2002,0.000220482857458
48083 Coleman County,2003,0.000338524035206
48083 Coleman County,2004,0.000114678899083
48083 Coleman County,2005,0.000577367205543
48083 Coleman County,2006,0.000117082308863
48083 Coleman County,2007,0.000116495806151
48089 Colorado County,2001,9.83622682339e-05
48089 Colorado County,2002,4.95908752789e-05
48089 Colorado County,2003,4.92125984252e-05
48089 Colorado County,2004,4.89045383412e-05
48089 Colorado County,2005,0.000147354978142
48089 Colorado County,2006,4.9125564944e-05
48089 Colorado County,2007,9.76848686139e-05
48091 Comal County,2001,5.0797521081e-05
48091 Comal County,2002,0.000294771490684
48091 Comal County,2003,3.5620146755e-05
48091 Comal County,2004,0.000138059572706
48091 Comal County,2005,0.000384826827927
48091 Comal County,2006,0.000274765920572
48091 Comal County,2007,0.000420930255865
48093 Comanche County,2001,0.000142938822184
48093 Comanche County,2002,0.00102489019034
48093 Comanche County,2003,0.000222485909226
48093 Comanche County,2004,0.00059781796443
48093 Comanche County,2005,0.00155983064696
48093 Comanche County,2006,0.00133244503664
48093 Comanche County,2007,0.000369603784743
48097 Cooke County,2001,2.74288222064e-05
48097 Cooke County,2002,0.000189727605367
48097 Cooke County,2003,0
48097 Cooke County,2004,0.000291916564938
48097 Cooke County,2005,0.000290130294878
48097 Cooke County,2006,7.8433423096e-05
48097 Cooke County,2007,0.000313332288892
48099 Coryell County,2001,1.33312003413e-05
48099 Coryell County,2002,0.000203351228241
48099 Coryell County,2003,4.09165302782e-05
48099 Coryell County,2004,8.15904702331e-05
48099 Coryell County,2005,0.000234098514163
48099 Coryell County,2006,6.84088110549e-05
48099 Coryell County,2007,0.000111852131482
48107 Crosby County,2001,0
48107 Crosby County,2002,0.000430848772081
48107 Crosby County,2003,0
48107 Crosby County,2004,0.00059470710675
48107 Crosby County,2005,0
48107 Crosby County,2006,0.00107246820898
48107 Crosby County,2007,0.000308451573103
48111 Dallam County,2001,0
48111 Dallam County,2002,0.000161759948237
48111 Dallam County,2003,0
48111 Dallam County,2004,0.000165125495376
48111 Dallam County,2005,0.000657678395265
48111 Dallam County,2006,0
48111 Dallam County,2007,0
48115 Dawson County,2001,0
48115 Dawson County,2002,0.000336541697516
48115 Dawson County,2003,0.000138715494521
48115 Dawson County,2004,0.000139577081443
48115 Dawson County,2005,0.000142724612859
48115 Dawson County,2006,0
48115 Dawson County,2007,0.000143451441687
48117 Deaf Smith County,2001,0.000108137334415
48117 Deaf Smith County,2002,0.000109331438255
48117 Deaf Smith County,2003,0
48117 Deaf Smith County,2004,0.000165170951935
48117 Deaf Smith County,2005,0.000437015186278
48117 Deaf Smith County,2006,0.000164024056862
48117 Deaf Smith County,2007,0.000163979229298
48119 Delta County,2001,0
48119 Delta County,2002,0.000563168762906
48119 Delta County,2003,0
48119 Delta County,2004,0.000185528756957
48119 Delta County,2005,0.000181488203267
48119 Delta County,2006,0
48119 Delta County,2007,0.000182083029862
48123 DeWitt County,2001,0.0001001001001
48123 DeWitt County,2002,0.000249053596334
48123 DeWitt County,2003,0.000250287831006
48123 DeWitt County,2004,0.00130332347486
48123 DeWitt County,2005,0.000349179428343
48123 DeWitt County,2006,9.91866693116e-05
48123 DeWitt County,2007,0.00100588442388
48127 Dimmit County,2001,0
48127 Dimmit County,2002,0.000198767640628
48127 Dimmit County,2003,0
48127 Dimmit County,2004,0.000298003377372
48127 Dimmit County,2005,0.00020118700332
48127 Dimmit County,2006,0.00010013016922
48127 Dimmit County,2007,0
48131 Duval County,2001,0.00145705521472
48131 Duval County,2002,0.00225155279503
48131 Duval County,2003,0.00156936597615
48131 Duval County,2004,0.000953137410643
48131 Duval County,2005,0.00127418969499
48131 Duval County,2006,0.00104409284395
48131 Duval County,2007,0.00186839967506
48133 Eastland County,2001,0
48133 Eastland County,2002,0.000332981852489
48133 Eastland County,2003,0.00022030071047
48133 Eastland County,2004,0.000110029157727
48133 Eastland County,2005,0.000274167900422
48133 Eastland County,2006,0.000437972188766
48133 Eastland County,2007,0.00016456390565
48135 Ector County,2001,0.000198897774831
48135 Ector County,2002,0.000862383495307
48135 Ector County,2003,0.000213461191113
48135 Ector County,2004,0.000245708295112
48135 Ector County,2005,0.000437743190661
48135 Ector County,2006,0.00021712907117
48135 Ector County,2007,0.00058521617411
48139 Ellis County,2001,5.33893328113e-05
48139 Ellis County,2002,0.000259282306575
48139 Ellis County,2003,8.36820083682e-05
48139 Ellis County,2004,0.000153592446485
48139 Ellis County,2005,0.000275122626085
48139 Ellis County,2006,0.000144120636558
48139 Ellis County,2007,0.000145479938317
48143 Erath County,2001,3.02571860817e-05
48143 Erath County,2002,0.000608439049618
48143 Erath County,2003,6.00546497313e-05
48143 Erath County,2004,5.94848611028e-05
48143 Erath County,2005,0.000233911289144
48143 Erath County,2006,0.000174109863324
48143 Erath County,2007,5.66716726644e-05
48145 Falls County,2001,5.40015120423e-05
48145 Falls County,2002,0.000330505673681
48145 Falls County,2003,5.60538116592e-05
48145 Falls County,2004,0.000507042253521
48145 Falls County,2005,0.000397388589271
48145 Falls County,2006,0.000458426451206
48145 Falls County,2007,0.000806451612903
48147 Fannin County,2001,3.19081046586e-05
48147 Fannin County,2002,0.000287530749816
48147 Fannin County,2003,9.49968334389e-05
48147 Fannin County,2004,9.35949833089e-05
48147 Fannin County,2005,0.000217141793591
48147 Fannin County,2006,0.000183784114926
48147 Fannin County,2007,0.000182848784056
48149 Fayette County,2001,0
48149 Fayette County,2002,0.000135281385281
48149 Fayette County,2003,0
48149 Fayette County,2004,0.000134649910233
48149 Fayette County,2005,0.000269154853759
48149 Fayette County,2006,8.95977062987e-05
48149 Fayette County,2007,8.94014572438e-05
48153 Floyd County,2001,0
48153 Floyd County,2002,0.000268276324614
48153 Floyd County,2003,0.000274160383825
48153 Floyd County,2004,0
48153 Floyd County,2005,0.000280229788427
48153 Floyd County,2006,0.000143389733295
48153 Floyd County,2007,0.00014626298084
48157 Fort Bend County,2001,2.78739428807e-05
48157 Fort Bend County,2002,0.000189226861686
48157 Fort Bend County,2003,3.52914188915e-05
48157 Fort Bend County,2004,0.000112870340796
48157 Fort Bend County,2005,0.000164427108549
48157 Fort Bend County,2006,0.000152666428216
48157 Fort Bend County,2007,7.22901520159e-05
48159 Franklin County,2001,0
48159 Franklin County,2002,0.000104253544621
48159 Franklin County,2003,0.000103917697184
48159 Franklin County,2004,0.000412541254125
48159 Franklin County,2005,0.000608642726719
48159 Franklin County,2006,0.00027512839325
48159 Franklin County,2007,0.000273597811218
48161 Freestone County,2001,0
48161 Freestone County,2002,0.000497127706584
48161 Freestone County,2003,5.45613269315e-05
48161 Freestone County,2004,0.000163550128114
48161 Freestone County,2005,0.000811293201363
48161 Freestone County,2006,0.0006457514933
48161 Freestone County,2007,5.33333333333e-05
48163 Frio County,2001,0
48163 Frio County,2002,0
48163 Frio County,2003,0
48163 Frio County,2004,0.00037078235076
48163 Frio County,2005,0.000309904549399
48163 Frio County,2006,6.20655412115e-05
48163 Frio County,2007,0.000248431774424
48165 Gaines County,2001,0
48165 Gaines County,2002,0.000210674157303
48165 Gaines County,2003,0
48165 Gaines County,2004,7.0651405963e-05
48165 Gaines County,2005,0.000140874832711
48165 Gaines County,2006,6.97495989398e-05
48165 Gaines County,2007,0.000206114737204
48167 Galveston County,2001,7.9774079806e-05
48167 Galveston County,2002,0.000337833856452
48167 Galveston County,2003,8.45698470055e-05
48167 Galveston County,2004,8.29537570511e-05
48167 Galveston County,2005,0.000203952979568
48167 Galveston County,2006,0.000152939719902
48167 Galveston County,2007,0.000129141959299
48171 Gillespie County,2001,4.7817147229e-05
48171 Gillespie County,2002,9.47912223328e-05
48171 Gillespie County,2003,0
48171 Gillespie County,2004,0.000226726522469
48171 Gillespie County,2005,0.000358310565683
48171 Gillespie County,2006,8.82301041115e-05
48171 Gillespie County,2007,0.000216038714138
48175 Goliad County,2001,0.000143389733295
48175 Goliad County,2002,0.000857510361584
48175 Goliad County,2003,0.000142653352354
48175 Goliad County,2004,0.000282925449144
48175 Goliad County,2005,0.00114416475973
48175 Goliad County,2006,0.000860091743119
48175 Goliad County,2007,0.00042492917847
48177 Gonzales County,2001,0
48177 Gonzales County,2002,0.000161065177709
48177 Gonzales County,2003,5.33361779295e-05
48177 Gonzales County,2004,0.000105457421566
48177 Gonzales County,2005,0.000104733975702
48177 Gonzales County,2006,0.000155392106081
48177 Gonzales County,2007,0.000312402374258
48179 Gray County,2001,0.000177171457678
48179 Gray County,2002,0.000814848347669
48179 Gray County,2003,0
48179 Gray County,2004,0.000325430032543
48179 Gray County,2005,0.000659817136394
48179 Gray County,2006,0
48179 Gray County,2007,0.000138217000691
48181 Grayson County,2001,7.208116339e-05
48181 Grayson County,2002,0.000284745642057
48181 Grayson County,2003,6.17976040186e-05
48181 Grayson County,2004,9.61672961253e-05
48181 Grayson County,2005,0.000278425503776
48181 Grayson County,2006,0.000155740328958
48181 Grayson County,2007,0.000145511816415
48183 Gregg County,2001,0.000269607182335
48183 Gregg County,2002,0.00176485343654
48183 Gregg County,2003,0.000507162558947
48183 Gregg County,2004,0.00023862129916
48183 Gregg County,2005,0.000562686829611
48183 Gregg County,2006,0.000690680188844
48183 Gregg County,2007,0.000241789936357
48185 Grimes County,2001,8.47170450695e-05
48185 Grimes County,2002,0.000620809535634
48185 Grimes County,2003,0.000284333238556
48185 Grimes County,2004,8.05315079525e-05
48185 Grimes County,2005,0.00048061518744
48185 Grimes County,2006,0.000439191886928
48185 Grimes County,2007,0.000237859266601
48187 Guadalupe County,2001,5.56346804344e-05
48187 Guadalupe County,2002,0.000162963767722
48187 Guadalupe County,2003,9.56520814956e-05
48187 Guadalupe County,2004,0.000124481327801
48187 Guadalupe County,2005,0.000242465877979
48187 Guadalupe County,2006,7.82327227921e-05
48187 Guadalupe County,2007,0.000214080941212
48189 Hale County,2001,5.4676180322e-05
48189 Hale County,2002,0.00106163044086
48189 Hale County,2003,0.000423107300011
48189 Hale County,2004,0.000113199003849
48189 Hale County,2005,0.000611688817216
48189 Hale County,2006,0.000112054234249
48189 Hale County,2007,0.000307933486367
48193 Hamilton County,2001,0
48193 Hamilton County,2002,0
48193 Hamilton County,2003,0
48193 Hamilton County,2004,0.000619962802232
48193 Hamilton County,2005,0.000125439036628
48193 Hamilton County,2006,0.000125015626953
48193 Hamilton County,2007,0.000371655104063
48195 Hansford County,2001,0
48195 Hansford County,2002,0
48195 Hansford County,2003,0
48195 Hansford County,2004,0
48195 Hansford County,2005,0.00019592476489
48195 Hansford County,2006,0
48195 Hansford County,2007,0
48199 Hardin County,2001,0.000103831377842
48199 Hardin County,2002,0.000186034974575
48199 Hardin County,2003,6.13886103665e-05
48199 Hardin County,2004,0.000244066141924
48199 Hardin County,2005,0.000280977802754
48199 Hardin County,2006,0.000256785051159
48199 Hardin County,2007,9.8578498058e-05
48203 Harrison County,2001,0.000112804976311
48203 Harrison County,2002,0.000594148440762
48203 Harrison County,2003,0.000193632711019
48203 Harrison County,2004,0.000161833247022
48203 Harrison County,2005,0.000160477581282
48203 Harrison County,2006,0.000208329994712
48203 Harrison County,2007,0.000174039617746
48207 Haskell County,2001,0
48207 Haskell County,2002,0.000674877678421
48207 Haskell County,2003,0.000699790062981
48207 Haskell County,2004,0.000178890876565
48207 Haskell County,2005,0.000731127764577
48207 Haskell County,2006,0.000184094256259
48207 Haskell County,2007,0.000188608072425
48209 Hays County,2001,6.05736322979e-05
48209 Hays County,2002,0.000190741411868
48209 Hays County,2003,0.000107275035311
48209 Hays County,2004,0.000146195058607
48209 Hays County,2005,0.000232859851635
48209 Hays County,2006,0.000118742281752
48209 Hays County,2007,0.000105352668056
48213 Henderson County,2001,0.000135976720785
48213 Henderson County,2002,0.000837362577996
48213 Henderson County,2003,0.000213151444101
48213 Henderson County,2004,0.000182455591612
48213 Henderson County,2005,0.000498345238247
48213 Henderson County,2006,0.000369422045579
48213 Henderson County,2007,0.000114195807745
48217 Hill County,2001,0.000184128153195
48217 Hill County,2002,0.000942077432687
48217 Hill County,2003,0.000149992500375
48217 Hill County,2004,0.000587595851573
48217 Hill County,2005,0.000377687391052
48217 Hill County,2006,0.00023106027785
48217 Hill County,2007,0.000487119974784
48219 Hockley County,2001,0.000308982564555
48219 Hockley County,2002,0.00172818717596
48219 Hockley County,2003,0.0010191873089
48219 Hockley County,2004,0.000353045013239
48219 Hockley County,2005,0.000754080908446
48219 Hockley County,2006,0.000353857041755
48219 Hockley County,2007,0.000671441360788
48221 Hood County,2001,7.23536647131e-05
48221 Hood County,2002,0.000164149704531
48221 Hood County,2003,0.000160509963083
48221 Hood County,2004,0.000178886876412
48221 Hood County,2005,0.000196850393701
48221 Hood County,2006,0.000170932866117
48221 Hood County,2007,0.000104134124753
48223 Hopkins County,2001,9.37148569287e-05
48223 Hopkins County,2002,0.000124327852547
48223 Hopkins County,2003,3.09981401116e-05
48223 Hopkins County,2004,0.000246343341032
48223 Hopkins County,2005,9.12991874372e-05
48223 Hopkins County,2006,6.04686318972e-05
48223 Hopkins County,2007,0
48225 Houston County,2001,8.63595146595e-05
48225 Houston County,2002,0.000390862503257
48225 Houston County,2003,0.000173981123048
48225 Houston County,2004,0.000392567390735
48225 Houston County,2005,0.000477596387635
48225 Houston County,2006,0.000131538562722
48225 Houston County,2007,4.39618411219e-05
48227 Howard County,2001,0.000119585039912
48227 Howard County,2002,0.00051473037212
48227 Howard County,2003,0.000212320664867
48227 Howard County,2004,0.000184037789093
48227 Howard County,2005,0.000648328239326
48227 Howard County,2006,0.000280863812258
48227 Howard County,2007,0.000282034408198
48231 Hunt County,2001,0.000181983621474
48231 Hunt County,2002,0.00083103201391
48231 Hunt County,2003,0.000150404211318
48231 Hunt County,2004,0.000211996508293
48231 Hunt County,2005,0.000308497248205
48231 Hunt County,2006,0.000417321288295
48231 Hunt County,2007,0.000267591072189
48233 Hutchinson County,2001,8.41644573497e-05
48233 Hutchinson County,2002,4.3164846549e-05
48233 Hutchinson County,2003,0
48233 Hutchinson County,2004,0.000132731616671
48233 Hutchinson County,2005,0.000719359769805
48233 Hutchinson County,2006,0.00013698630137
48233 Hutchinson County,2007,0.00018268176836
48237 Jack County,2001,0.000228362639872
48237 Jack County,2002,0
48237 Jack County,2003,0
48237 Jack County,2004,0.000113481615978
48237 Jack County,2005,0.000566251415629
48237 Jack County,2006,0.000226269940038
48237 Jack County,2007,0.000224618149146
48239 Jackson County,2001,0.000138782874193
48239 Jackson County,2002,0.000562944198156
48239 Jackson County,2003,0.00035156799325
48239 Jackson County,2004,0.000212494687633
48239 Jackson County,2005,0.000638071605814
48239 Jackson County,2006,0.000495856060069
48239 Jackson County,2007,0.000284515257131
48241 Jasper County,2001,0.000140488901377
48241 Jasper County,2002,0.000252617396918
48241 Jasper County,2003,0.000140944326991
48241 Jasper County,2004,0.000113465520665
48241 Jasper County,2005,0.000399509174443
48241 Jasper County,2006,0.000457077560349
48241 Jasper County,2007,0.000203737120903
48245 Jefferson County,2001,0.000111286431402
48245 Jefferson County,2002,0.000292971493472
48245 Jefferson County,2003,7.65446920285e-05
48245 Jefferson County,2004,0.000246726824868
48245 Jefferson County,2005,0.000255182637859
48245 Jefferson County,2006,0.000349390395014
48245 Jefferson County,2007,0.00017014989791
48247 Jim Hogg County,2001,0.000189825360668
48247 Jim Hogg County,2002,0.000776096235933
48247 Jim Hogg County,2003,0.00155369974752
48247 Jim Hogg County,2004,0.00019813750743
48247 Jim Hogg County,2005,0.00158698670899
48247 Jim Hogg County,2006,0.00119284294235
48247 Jim Hogg County,2007,0.00140308679094
48249 Jim Wells County,2001,0.00180331199837
48249 Jim Wells County,2002,0.00259126015749
48249 Jim Wells County,2003,0.00212973866854
48249 Jim Wells County,2004,0.000847711179815
48249 Jim Wells County,2005,0.00153245340847
48249 Jim Wells County,2006,0.00216604720998
48249 Jim Wells County,2007,0.00164615120022
48251 Johnson County,2001,0.000132846749553
48251 Johnson County,2002,0.000197455857224
48251 Johnson County,2003,6.67393383907e-05
48251 Johnson County,2004,0.000144698953827
48251 Johnson County,2005,0.000381900734098
48251 Johnson County,2006,0.000201608698373
48251 Johnson County,2007,0.000143920391463
48253 Jones County,2001,0.000193022245814
48253 Jones County,2002,0.00039751552795
48253 Jones County,2003,0.000200180162146
48253 Jones County,2004,5.02234945508e-05
48253 Jones County,2005,0.000202778059414
48253 Jones County,2006,0.000255832992223
48253 Jones County,2007,5.12899420424e-05
48255 Karnes County,2001,0.000194413842266
48255 Karnes County,2002,0.00012994607238
48255 Karnes County,2003,0.000196889151408
48255 Karnes County,2004,0.000131639570855
48255 Karnes County,2005,0.000131665569454
48255 Karnes County,2006,0.000331983268043
48255 Karnes County,2007,0.000132828584711
48257 Kaufman County,2001,8.3238533892e-05
48257 Kaufman County,2002,0.000638561108968
48257 Kaufman County,2003,0.000167215476435
48257 Kaufman County,2004,7.3628666094e-05
48257 Kaufman County,2005,0.000425703001206
48257 Kaufman County,2006,0.000318659807894
48257 Kaufman County,2007,9.79815794631e-05
48259 Kendall County,2001,0
48259 Kendall County,2002,0.000203990045286
48259 Kendall County,2003,7.9497575324e-05
48259 Kendall County,2004,0.000114547537228
48259 Kendall County,2005,0.000184726789079
48259 Kendall County,2006,0.000140889718573
48259 Kendall County,2007,0.000201687451679
48265 Kerr County,2001,4.56298053889e-05
48265 Kerr County,2002,0.000361950005655
48265 Kerr County,2003,0.000223974198172
48265 Kerr County,2004,0.00033420970545
48265 Kerr County,2005,0.000724510406604
48265 Kerr County,2006,0.000390091671543
48265 Kerr County,2007,0.00019130212983
48273 Kleberg County,2001,0.000761783843834
48273 Kleberg County,2002,0.00115647788236
48273 Kleberg County,2003,0.000737392196467
48273 Kleberg County,2004,0.000289333247605
48273 Kleberg County,2005,0.000517899915841
48273 Kleberg County,2006,0.000423645962328
48273 Kleberg County,2007,0.000819725883665
48277 Lamar County,2001,4.11488766357e-05
48277 Lamar County,2002,0.000350003088263
48277 Lamar County,2003,0.000184331797235
48277 Lamar County,2004,0.000122269318552
48277 Lamar County,2005,0.000305679525585
48277 Lamar County,2006,0.000162952702978
48277 Lamar County,2007,0.000163085579158
48279 Lamb County,2001,0
48279 Lamb County,2002,0.000551648048545
48279 Lamb County,2003,0
48279 Lamb County,2004,6.9094175361e-05
48279 Lamb County,2005,0.00027940765577
48279 Lamb County,2006,0
48279 Lamb County,2007,0.000215084599943
48281 Lampasas County,2001,5.59377971695e-05
48281 Lampasas County,2002,0.000275877289782
48281 Lampasas County,2003,0.000107095046854
48281 Lampasas County,2004,0.000210482003789
48281 Lampasas County,2005,0.000742537498144
48281 Lampasas County,2006,0.000460428710288
48281 Lampasas County,2007,0.000147383935151
48283 La Salle County,2001,0
48283 La Salle County,2002,0
48283 La Salle County,2003,0.000343288705802
48283 La Salle County,2004,0.00051247010591
48283 La Salle County,2005,0.0011862396204
48283 La Salle County,2006,0.000333333333333
48283 La Salle County,2007,0.000505050505051
48285 Lavaca County,2001,0.000208659363589
48285 Lavaca County,2002,0.000583152202725
48285 Lavaca County,2003,0.000845353199134
48285 Lavaca County,2004,0.000847233253905
48285 Lavaca County,2005,0.000745394526674
48285 Lavaca County,2006,0.00069318545377
48285 Lavaca County,2007,0.000801496126102
48287 Lee County,2001,0
48287 Lee County,2002,6.24141805018e-05
48287 Lee County,2003,0
48287 Lee County,2004,0.000123281760464
48287 Lee County,2005,0.000494743351886
48287 Lee County,2006,0.000370119054963
48287 Lee County,2007,0.000123220996858
48289 Leon County,2001,0.000259285667985
48289 Leon County,2002,0.000516462233699
48289 Leon County,2003,0.000126887450831
48289 Leon County,2004,0.000316095587306
48289 Leon County,2005,0.000504572690003
48289 Leon County,2006,0.000558659217877
48289 Leon County,2007,6.12182430364e-05
48291 Liberty County,2001,0
48291 Liberty County,2002,0.000223335799333
48291 Liberty County,2003,8.18766119458e-05
48291 Liberty County,2004,0.000162725103059
48291 Liberty County,2005,0.000228546845381
48291 Liberty County,2006,0.000214894902962
48291 Liberty County,2007,0.000161138713576
48293 Limestone County,2001,4.53576450311e-05
48293 Limestone County,2002,0.000861873440689
48293 Limestone County,2003,0.000179605765345
48293 Limestone County,2004,0.000134042267995
48293 Limestone County,2005,0.000400160064026
48293 Limestone County,2006,0.000536504672062
48293 Limestone County,2007,0.000133713674452
48297 Live Oak County,2001,8.14332247557e-05
48297 Live Oak County,2002,8.27540549487e-05
48297 Live Oak County,2003,0.000335514175474
48297 Live Oak County,2004,8.55285665412e-05
48297 Live Oak County,2005,0.000344530577089
48297 Live Oak County,2006,0.000260642919201
48297 Live Oak County,2007,0.000351617440225
48299 Llano County,2001,0.000116890707189
48299 Llano County,2002,0.000171988763401
48299 Llano County,2003,0
48299 Llano County,2004,0.000167635225749
48299 Llano County,2005,0.000335683115139
48299 Llano County,2006,0.000166870619646
48299 Llano County,2007,0.000389321468298
48303 Lubbock County,2001,0.000201592166704
48303 Lubbock County,2002,0.00103896103896
48303 Lubbock County,2003,0.00028133125952
48303 Lubbock County,2004,0.000198153997361
48303 Lubbock County,2005,0.000636970223608
48303 Lubbock County,2006,0.00019916506879
48303 Lubbock County,2007,0.000393209048434
48305 Lynn County,2001,0
48305 Lynn County,2002,0.00109187334269
48305 Lynn County,2003,0.000156862745098
48305 Lynn County,2004,0
48305 Lynn County,2005,0.000164989275697
48305 Lynn County,2006,0.000496195831955
48305 Lynn County,2007,0.000330250990753
48307 McCulloch County,2001,0
48307 McCulloch County,2002,0
48307 McCulloch County,2003,0
48307 McCulloch County,2004,0.000126550240445
48307 McCulloch County,2005,0.000250218941574
48307 McCulloch County,2006,0.000252302258105
48307 McCulloch County,2007,0
48309 McLennan County,2001,5.13814606348e-05
48309 McLennan County,2002,0.000473166364366
48309 McLennan County,2003,9.66441470464e-05
48309 McLennan County,2004,0.000218588193505
48309 McLennan County,2005,0.000310148601634
48309 McLennan County,2006,0.000316948721268
48309 McLennan County,2007,0.000234809383515
48313 Madison County,2001,0.000154190116414
48313 Madison County,2002,0.000438724773326
48313 Madison County,2003,0.000235460324935
48313 Madison County,2004,0
48313 Madison County,2005,0.000688336520076
48313 Madison County,2006,0.000153338955762
48313 Madison County,2007,0.000379305113033
48315 Marion County,2001,0
48315 Marion County,2002,0.000725360413455
48315 Marion County,2003,0.000182949140139
48315 Marion County,2004,9.11327804611e-05
48315 Marion County,2005,0.000369856680536
48315 Marion County,2006,0.000744255279561
48315 Marion County,2007,0.000186393289842
48321 Matagorda County,2001,5.27064776261e-05
48321 Matagorda County,2002,0.000158336412097
48321 Matagorda County,2003,0
48321 Matagorda County,2004,5.29170525202e-05
48321 Matagorda County,2005,0.000266382525306
48321 Matagorda County,2006,0.000268125268125
48321 Matagorda County,2007,0
48323 Maverick County,2001,8.4489787297e-05
48323 Maverick County,2002,0.000294247462116
48323 Maverick County,2003,2.06726893102e-05
48323 Maverick County,2004,0.000264960052177
48323 Maverick County,2005,0.000342956283161
48323 Maverick County,2006,0.000499251123315
48323 Maverick County,2007,0.000452195112361
48325 Medina County,2001,7.60225026608e-05
48325 Medina County,2002,0.000275502792596
48325 Medina County,2003,4.94095558081e-05
48325 Medina County,2004,0.000194269062652
48325 Medina County,2005,0.000334440171042
48325 Medina County,2006,4.72266169213e-05
48325 Medina County,2007,9.26827007739e-05
48329 Midland County,2001,7.79389478242e-05
48329 Midland County,2002,0.000336895208314
48329 Midland County,2003,0.000119723609496
48329 Midland County,2004,0.000118703419506
48329 Midland County,2005,0.00040287045197
48329 Midland County,2006,6.63894905436e-05
48329 Midland County,2007,0.0001944374681
48331 Milam County,2001,0.000165023309542
48331 Milam County,2002,0.000615359369872
48331 Milam County,2003,0.000160732942217
48331 Milam County,2004,0.000403518682915
48331 Milam County,2005,0.000640768922707
48331 Milam County,2006,0
48331 Milam County,2007,0.000321944545052
48333 Mills County,2001,0.000390091671543
48333 Mills County,2002,0.000198373338623
48333 Mills County,2003,0.000197667523226
48333 Mills County,2004,0.000200521355524
48333 Mills County,2005,0.00060036021613
48333 Mills County,2006,0.000393391030685
48333 Mills County,2007,0.000200360649169
48335 Mitchell County,2001,0
48335 Mitchell County,2002,0.000208790061593
48335 Mitchell County,2003,0
48335 Mitchell County,2004,0.000214064005138
48335 Mitchell County,2005,0.000432853587274
48335 Mitchell County,2006,0.000107828337287
48335 Mitchell County,2007,0.000433933608158
48337 Montague County,2001,0
48337 Montague County,2002,5.21349251864e-05
48337 Montague County,2003,0
48337 Montague County,2004,5.18322707718e-05
48337 Montague County,2005,0.000569299244385
48337 Montague County,2006,0.000257838283828
48337 Montague County,2007,0.00030612244898
48339 Montgomery County,2001,4.37208457629e-05
48339 Montgomery County,2002,0.000275916057352
48339 Montgomery County,2003,4.89446313857e-05
48339 Montgomery County,2004,0.000125740553375
48339 Montgomery County,2005,0.000267887040964
48339 Montgomery County,2006,0.000203474596464
48339 Montgomery County,2007,0.000163130889599
48341 Moore County,2001,0
48341 Moore County,2002,0.0001982160555
48341 Moore County,2003,0
48341 Moore County,2004,5.01756146513e-05
48341 Moore County,2005,0.0005999700015
48341 Moore County,2006,0.000353053916377
48341 Moore County,2007,0.000300375469337
48343 Morris County,2001,7.67459708365e-05
48343 Morris County,2002,0.000380257053768
48343 Morris County,2003,0
48343 Morris County,2004,0.000153303694619
48343 Morris County,2005,0.000621745550633
48343 Morris County,2006,0.000389014237921
48343 Morris County,2007,0.000231320842008
48347 Nacogdoches County,2001,0.000151908989636
48347 Nacogdoches County,2002,0.000251504837276
48347 Nacogdoches County,2003,0.000319134641225
48347 Nacogdoches County,2004,0.000333639169238
48347 Nacogdoches County,2005,0.000660273022895
48347 Nacogdoches County,2006,0.000686869347638
48347 Nacogdoches County,2007,0.000194729326237
48349 Navarro County,2001,0.000154508332414
48349 Navarro County,2002,0.000717734568707
48349 Navarro County,2003,0.000107185731435
48349 Navarro County,2004,0.000170031880978
48349 Navarro County,2005,0.000377279396353
48349 Navarro County,2006,0.000498121666217
48349 Navarro County,2007,8.17761785992e-05
48351 Newton County,2001,6.64937828313e-05
48351 Newton County,2002,0.000200762899016
48351 Newton County,2003,0.000203018203966
48351 Newton County,2004,0.000136360537261
48351 Newton County,2005,0.000211074368536
48351 Newton County,2006,0.000282027779736
48351 Newton County,2007,0
48353 Nolan County,2001,0.000190476190476
48353 Nolan County,2002,0.000195605398709
48353 Nolan County,2003,6.64628472684e-05
48353 Nolan County,2004,6.66533359995e-05
48353 Nolan County,2005,0.000269215237582
48353 Nolan County,2006,0
48353 Nolan County,2007,0.000274932985085
48355 Nueces County,2001,0.000201022342197
48355 Nueces County,2002,0.000442421133624
48355 Nueces County,2003,0.000335386109266
48355 Nueces County,2004,0.000197967954736
48355 Nueces County,2005,0.000297807628944
48355 Nueces County,2006,0.000406153381148
48355 Nueces County,2007,0.000340882792612
48357 Ochiltree County,2001,0.000111296605454
48357 Ochiltree County,2002,0
48357 Ochiltree County,2003,0.000111074086416
48357 Ochiltree County,2004,0
48357 Ochiltree County,2005,0
48357 Ochiltree County,2006,0
48357 Ochiltree County,2007,0
48361 Orange County,2001,0.000153108695396
48361 Orange County,2002,0.000285276183005
48361 Orange County,2003,3.57747620978e-05
48361 Orange County,2004,0.000203390641638
48361 Orange County,2005,0.00029892149126
48361 Orange County,2006,0.000227408737283
48361 Orange County,2007,0.000121710766534
48363 Palo Pinto County,2001,3.69235313665e-05
48363 Palo Pinto County,2002,7.38497895281e-05
48363 Palo Pinto County,2003,3.6974044221e-05
48363 Palo Pinto County,2004,7.37164129593e-05
48363 Palo Pinto County,2005,0.000332459089062
48363 Palo Pinto County,2006,7.3432222059e-05
48363 Palo Pinto County,2007,0.000109051254089
48365 Panola County,2001,0.000131839156229
48365 Panola County,2002,0.000528331792366
48365 Panola County,2003,0.000262708524892
48365 Panola County,2004,0.000218780082261
48365 Panola County,2005,0.000441169982794
48365 Panola County,2006,0.000831400691375
48365 Panola County,2007,0.000216703506263
48367 Parker County,2001,8.96489124466e-05
48367 Parker County,2002,0.000152771715408
48367 Parker County,2003,9.58048136596e-05
48367 Parker County,2004,0.000124078458946
48367 Parker County,2005,0.000141590056333
48367 Parker County,2006,0.000138214271611
48367 Parker County,2007,0.000105219861684
48369 Parmer County,2001,0.000200501253133
48369 Parmer County,2002,0.00010272213662
48369 Parmer County,2003,0
48369 Parmer County,2004,0.00010175010175
48369 Parmer County,2005,0.000102774922919
48369 Parmer County,2006,0.000209665583394
48369 Parmer County,2007,0.000106940434178
48371 Pecos County,2001,0
48371 Pecos County,2002,0.000304673694473
48371 Pecos County,2003,6.1413744396e-05
48371 Pecos County,2004,6.27825213461e-05
48371 Pecos County,2005,0.00018941785579
48371 Pecos County,2006,0
48371 Pecos County,2007,0
48373 Polk County,2001,0.000120273260849
48373 Polk County,2002,0.000324961700942
48373 Polk County,2003,9.06433411136e-05
48373 Polk County,2004,6.65719865081e-05
48373 Polk County,2005,0.000262536098714
48373 Polk County,2006,0.000217656277207
48373 Polk County,2007,0.000194422241904
48375 Potter County,2001,0.000211040959533
48375 Potter County,2002,0.000305615465889
48375 Potter County,2003,6.91228312712e-05
48375 Potter County,2004,0.000349060940932
48375 Potter County,2005,0.000786688885693
48375 Potter County,2006,0.000309794530871
48375 Potter County,2007,0.000365524402908
48377 Presidio County,2001,0
48377 Presidio County,2002,0
48377 Presidio County,2003,0.000134246207545
48377 Presidio County,2004,0.000268024658269
48377 Presidio County,2005,0.000269905533063
48377 Presidio County,2006,0.000132766861391
48377 Presidio County,2007,0.000401552670325
48379 Rains County,2001,0
48379 Rains County,2002,0.000102923013586
48379 Rains County,2003,9.93048659384e-05
48379 Rains County,2004,0.0001924001924
48379 Rains County,2005,0.000472679145396
48379 Rains County,2006,0.000279147669117
48379 Rains County,2007,0
48381 Randall County,2001,0.000114607707368
48381 Randall County,2002,0.00033259528855
48381 Randall County,2003,0.000141704612013
48381 Randall County,2004,0.000224658098456
48381 Randall County,2005,0.000507553316169
48381 Randall County,2006,0.000191436411205
48381 Randall County,2007,0.000342379356327
48387 Red River County,2001,0.000209981101701
48387 Red River County,2002,0.000775959367946
48387 Red River County,2003,0.000359014863215
48387 Red River County,2004,0.000511359485718
48387 Red River County,2005,0.00103138352733
48387 Red River County,2006,0.00126422250316
48387 Red River County,2007,0.00181200453001
48389 Reeves County,2001,0.000153280196199
48389 Reeves County,2002,0.000315507177788
48389 Reeves County,2003,0
48389 Reeves County,2004,8.32223701731e-05
48389 Reeves County,2005,0.000173070266528
48389 Reeves County,2006,0
48389 Reeves County,2007,0.000179856115108
48391 Refugio County,2001,0.00038338658147
48391 Refugio County,2002,0.000128965695125
48391 Refugio County,2003,0.00039282440749
48391 Refugio County,2004,0.000931222562192
48391 Refugio County,2005,0.000132030631106
48391 Refugio County,2006,0.000265674814028
48391 Refugio County,2007,0
48395 Robertson County,2001,0
48395 Robertson County,2002,0.000187558612066
48395 Robertson County,2003,6.32751202227e-05
48395 Robertson County,2004,0.000127145581691
48395 Robertson County,2005,0.000253164556962
48395 Robertson County,2006,0.000314287510214
48395 Robertson County,2007,0.000126087504728
48397 Rockwall County,2001,9.11577028259e-05
48397 Rockwall County,2002,0.000233530772987
48397 Rockwall County,2003,5.9060931194e-05
48397 Rockwall County,2004,7.34834845868e-05
48397 Rockwall County,2005,0.000379860487603
48397 Rockwall County,2006,0.00017674941753
48397 Rockwall County,2007,7.31882254783e-05
48399 Runnels County,2001,8.71459694989e-05
48399 Runnels County,2002,0.000359356751415
48399 Runnels County,2003,0
48399 Runnels County,2004,0.00018634119072
48399 Runnels County,2005,0.00046873535202
48399 Runnels County,2006,0.000280452463307
48399 Runnels County,2007,0
48401 Rusk County,2001,0.000126723974064
48401 Rusk County,2002,0.000696805253489
48401 Rusk County,2003,0.000253282114061
48401 Rusk County,2004,0.000211599906896
48401 Rusk County,2005,0.000315889228177
48401 Rusk County,2006,0.000693219057222
48401 Rusk County,2007,0.000187640730548
48403 Sabine County,2001,0.000191497510532
48403 Sabine County,2002,0.000191883334932
48403 Sabine County,2003,0.000192178341501
48403 Sabine County,2004,0.000290051242386
48403 Sabine County,2005,0.000485625485625
48403 Sabine County,2006,0.00049115913556
48403 Sabine County,2007,0.000294435175189
48405 San Augustine County,2001,0.00011169440411
48405 San Augustine County,2002,0.00102319236016
48405 San Augustine County,2003,0.0010161454217
48405 San Augustine County,2004,0.000905489530277
48405 San Augustine County,2005,0.00135838804619
48405 San Augustine County,2006,0.0017135023989
48405 San Augustine County,2007,0.000687836753411
48407 San Jacinto County,2001,0
48407 San Jacinto County,2002,0.000263608804534
48407 San Jacinto County,2003,4.31965442765e-05
48407 San Jacinto County,2004,0.000126582278481
48407 San Jacinto County,2005,0.00024775983813
48407 San Jacinto County,2006,0.000164392569456
48407 San Jacinto County,2007,0.000123193166886
48409 San Patricio County,2001,0.000163566341021
48409 San Patricio County,2002,0.000403744355056
48409 San Patricio County,2003,0.00038890717085
48409 San Patricio County,2004,0.000134276251007
48409 San Patricio County,2005,0.00032519844496
48409 San Patricio County,2006,0.000510837042983
48409 San Patricio County,2007,0.00036492621192
48411 San Saba County,2001,0.000161264312208
48411 San Saba County,2002,0.000648088139987
48411 San Saba County,2003,0.000660283922086
48411 San Saba County,2004,0
48411 San Saba County,2005,0.00016485328058
48411 San Saba County,2006,0.000167364016736
48411 San Saba County,2007,0.000504880511612
48415 Scurry County,2001,0.00012315270936
48415 Scurry County,2002,0.000444726810673
48415 Scurry County,2003,0
48415 Scurry County,2004,0.000318126868995
48415 Scurry County,2005,0
48415 Scurry County,2006,0.000190246686537
48415 Scurry County,2007,0.000755905511811
48419 Shelby County,2001,0.000316668645846
48419 Shelby County,2002,0.000236751765774
48419 Shelby County,2003,0.000314230723909
48419 Shelby County,2004,0.000309825335967
48419 Shelby County,2005,0.000310607237149
48419 Shelby County,2006,0.000808687615527
48419 Shelby County,2007,0.000153409526732
48423 Smith County,2001,3.41890082339e-05
48423 Smith County,2002,0.000698638781213
48423 Smith County,2003,4.43208385503e-05
48423 Smith County,2004,0.000130933611204
48423 Smith County,2005,0.00022564389096
48423 Smith County,2006,0.000268521394837
48423 Smith County,2007,8.74926660559e-05
48425 Somervell County,2001,0.000292825768668
48425 Somervell County,2002,0
48425 Somervell County,2003,0
48425 Somervell County,2004,0.000138236107271
48425 Somervell County,2005,0.00027352297593
48425 Somervell County,2006,0.000269614451335
48425 Somervell County,2007,0
48427 Starr County,2001,9.29298936882e-05
48427 Starr County,2002,0.000384826827927
48427 Starr County,2003,5.36701432993e-05
48427 Starr County,2004,0.000243927936718
48427 Starr County,2005,0.000527192952621
48427 Starr County,2006,0.000336371892765
48427 Starr County,2007,0.000264738488012
48429 Stephens County,2001,0
48429 Stephens County,2002,0.000105853710173
48429 Stephens County,2003,0.000106883283454
48429 Stephens County,2004,0.000213424394408
48429 Stephens County,2005,0
48429 Stephens County,2006,0.000213583938488
48429 Stephens County,2007,0.000106236056518
48437 Swisher County,2001,0
48437 Swisher County,2002,0.000121477162293
48437 Swisher County,2003,0.000374018202219
48437 Swisher County,2004,0.000125580811252
48437 Swisher County,2005,0.000127161749746
48437 Swisher County,2006,0.000129015610889
48437 Swisher County,2007,0.000259403372244
48441 Taylor County,2001,0.000292566440257
48441 Taylor County,2002,0.000581942252196
48441 Taylor County,2003,0.000391014643099
48441 Taylor County,2004,0.000167692786815
48441 Taylor County,2005,0.000381819049589
48441 Taylor County,2006,0.000269999841177
48441 Taylor County,2007,0.000198493040834
48445 Terry County,2001,0.000236016049091
48445 Terry County,2002,0.000562972494772
48445 Terry County,2003,0.000160243570227
48445 Terry County,2004,0.000644589477077
48445 Terry County,2005,0.000242718446602
48445 Terry County,2006,8.19672131148e-05
48445 Terry County,2007,0.0014744429882
48449 Titus County,2001,7.11693117928e-05
48449 Titus County,2002,0.000107403694687
48449 Titus County,2003,3.56087312609e-05
48449 Titus County,2004,0.000245786516854
48449 Titus County,2005,0.00045079409113
48449 Titus County,2006,3.56798801156e-05
48449 Titus County,2007,0.000139737991266
48451 Tom Green County,2001,1.92231908575e-05
48451 Tom Green County,2002,0.000221494607088
48451 Tom Green County,2003,0.000259565468179
48451 Tom Green County,2004,0.0001624571161
48451 Tom Green County,2005,0.000410340582684
48451 Tom Green County,2006,0.000200102910068
48451 Tom Green County,2007,0.000103997277162
48455 Trinity County,2001,0.000578871201158
48455 Trinity County,2002,0.000361350003614
48455 Trinity County,2003,0.000787514318442
48455 Trinity County,2004,0.000142592328533
48455 Trinity County,2005,0.000568828213879
48455 Trinity County,2006,0.000353731871242
48455 Trinity County,2007,0.000283366392746
48457 Tyler County,2001,4.79156684236e-05
48457 Tyler County,2002,0.000243391909653
48457 Tyler County,2003,0.00024313153416
48457 Tyler County,2004,0.000147022788532
48457 Tyler County,2005,0.000244092950596
48457 Tyler County,2006,0.00039553050529
48457 Tyler County,2007,0.000148802142751
48459 Upshur County,2001,8.4836830496e-05
48459 Upshur County,2002,0.00117848424479
48459 Upshur County,2003,0.000273657708938
48459 Upshur County,2004,0.000433569086524
48459 Upshur County,2005,0.000431371491737
48459 Upshur County,2006,0.000855775145081
48459 Upshur County,2007,0.000399307866365
48463 Uvalde County,2001,0
48463 Uvalde County,2002,7.69556350764e-05
48463 Uvalde County,2003,0
48463 Uvalde County,2004,0.000113774271845
48463 Uvalde County,2005,0.000417298937785
48463 Uvalde County,2006,3.76619463694e-05
48463 Uvalde County,2007,0.000301659125189
48465 Val Verde County,2001,6.66548169214e-05
48465 Val Verde County,2002,0.000199565390926
48465 Val Verde County,2003,8.79681555277e-05
48465 Val Verde County,2004,0
48465 Val Verde County,2005,2.13101478924e-05
48465 Val Verde County,2006,4.2516102974e-05
48465 Val Verde County,2007,0.00010590976488
48467 Van Zandt County,2001,0
48467 Van Zandt County,2002,0.000347428010872
48467 Van Zandt County,2003,8.01137615414e-05
48467 Van Zandt County,2004,3.98461936923e-05
48467 Van Zandt County,2005,0.000312371878722
48467 Van Zandt County,2006,0.000155775371914
48467 Van Zandt County,2007,0.000115812229771
48469 Victoria County,2001,0.000809456354828
48469 Victoria County,2002,0.00146459575976
48469 Victoria County,2003,0.000836889129871
48469 Victoria County,2004,0.000764804857099
48469 Victoria County,2005,0.00123271267229
48469 Victoria County,2006,0.00116482921721
48469 Victoria County,2007,0.000446250322944
48471 Walker County,2001,9.71754340503e-05
48471 Walker County,2002,0.000498232079717
48471 Walker County,2003,0.000162190216686
48471 Walker County,2004,0.00012746972594
48471 Walker County,2005,0.000425552035557
48471 Walker County,2006,0.000310872775317
48471 Walker County,2007,0.000109506750309
48473 Waller County,2001,9.13575735428e-05
48473 Waller County,2002,0.000150561594748
48473 Waller County,2003,0
48473 Waller County,2004,0.000115094665362
48473 Waller County,2005,0.000402924077592
48473 Waller County,2006,0.000260605183148
48473 Waller County,2007,0.000171541298568
48475 Ward County,2001,0.000184859968574
48475 Ward County,2002,9.55657492355e-05
48475 Ward County,2003,9.6627693497e-05
48475 Ward County,2004,0.000293973542381
48475 Ward County,2005,0.000197219209151
48475 Ward County,2006,0
48475 Ward County,2007,0.00156770527141
48477 Washington County,2001,0
48477 Washington County,2002,0.000164219791769
48477 Washington County,2003,0
48477 Washington County,2004,3.2405457079e-05
48477 Washington County,2005,0.000128489287206
48477 Washington County,2006,6.36395456136e-05
48477 Washington County,2007,6.29504894401e-05
48479 Webb County,2001,0.000205596332161
48479 Webb County,2002,0.000650172295658
48479 Webb County,2003,0.000341238696468
48479 Webb County,2004,0.000413671117197
48479 Webb County,2005,0.000481684413341
48479 Webb County,2006,0.000293898220785
48479 Webb County,2007,0.000247311590523
48481 Wharton County,2001,0
48481 Wharton County,2002,0.000170806695622
48481 Wharton County,2003,0
48481 Wharton County,2004,4.8828125e-05
48481 Wharton County,2005,0.000220043519718
48481 Wharton County,2006,0.000195742598483
48481 Wharton County,2007,2.44612411634e-05
48485 Wichita County,2001,0.000220379813209
48485 Wichita County,2002,0.000414858064764
48485 Wichita County,2003,0.000207574150099
48485 Wichita County,2004,8.43008774955e-05
48485 Wichita County,2005,0.000290788879621
48485 Wichita County,2006,0.000185464240176
48485 Wichita County,2007,0.000123918616449
48487 Wilbarger County,2001,0
48487 Wilbarger County,2002,0.000417710944027
48487 Wilbarger County,2003,0.000140085452126
48487 Wilbarger County,2004,0
48487 Wilbarger County,2005,0.000143926309729
48487 Wilbarger County,2006,0
48487 Wilbarger County,2007,7.16794495018e-05
48489 Willacy County,2001,0
48489 Willacy County,2002,0.00121120363361
48489 Willacy County,2003,0.000151377535574
48489 Willacy County,2004,0.000201562106324
48489 Willacy County,2005,0.000349842570843
48489 Willacy County,2006,0.000443611987382
48489 Willacy County,2007,0.000391811147027
48491 Williamson County,2001,4.70700834317e-05
48491 Williamson County,2002,0.000296492350859
48491 Williamson County,2003,0.000110441177993
48491 Williamson County,2004,0.000105822905368
48491 Williamson County,2005,0.000243620003417
48491 Williamson County,2006,0.000202038477776
48491 Williamson County,2007,0.000157092138824
48493 Wilson County,2001,3.05754295848e-05
48493 Wilson County,2002,6.01286753653e-05
48493 Wilson County,2003,8.82950231039e-05
48493 Wilson County,2004,0.000199982858612
48493 Wilson County,2005,0.000166158958737
48493 Wilson County,2006,8.12677773263e-05
48493 Wilson County,2007,0.000158232020887
48495 Winkler County,2001,0.000141322781232
48495 Winkler County,2002,0.000712859994297
48495 Winkler County,2003,0
48495 Winkler County,2004,0
48495 Winkler County,2005,0.000757920266788
48495 Winkler County,2006,0.00015600624025
48495 Winkler County,2007,0.00249027237354
48497 Wise County,2001,6.07287449393e-05
48497 Wise County,2002,5.88454522273e-05
48497 Wise County,2003,5.71984213236e-05
48497 Wise County,2004,0.000148828902573
48497 Wise County,2005,0.000751025791325
48497 Wise County,2006,7.17875089734e-05
48497 Wise County,2007,1.76435301175e-05
48499 Wood County,2001,2.71201149893e-05
48499 Wood County,2002,0.000774097109148
48499 Wood County,2003,0.000105396290051
48499 Wood County,2004,0.000330385280065
48499 Wood County,2005,0.000298864315601
48499 Wood County,2006,0.000345150633598
48499 Wood County,2007,0.000361759598688
48501 Yoakum County,2001,0
48501 Yoakum County,2002,0
48501 Yoakum County,2003,0
48501 Yoakum County,2004,0
48501 Yoakum County,2005,0
48501 Yoakum County,2006,0.000137494843943
48501 Yoakum County,2007,0.000551343900758
48503 Young County,2001,0
48503 Young County,2002,0.000170000566669
48503 Young County,2003,0
48503 Young County,2004,0.000169080764245
48503 Young County,2005,5.65003672524e-05
48503 Young County,2006,5.71297989031e-05
48503 Young County,2007,0.000280946226892
48505 Zapata County,2001,0
48505 Zapata County,2002,0.000323546064871
48505 Zapata County,2003,7.93273044582e-05
48505 Zapata County,2004,0.000157865656326
48505 Zapata County,2005,0.000234155479238
48505 Zapata County,2006,0.000380778310867
48505 Zapata County,2007,0.000151469251742
48507 Zavala County,2001,0
48507 Zavala County,2002,0.000173130193906
48507 Zavala County,2003,0
48507 Zavala County,2004,0
48507 Zavala County,2005,0.000174703004892
48507 Zavala County,2006,8.70094840338e-05
48507 Zavala County,2007,0.000344679017665
